candidate_id,caf_token,caf_sent_at,caf_submitted_at
100,756422ac4ab24a0f94f7c7ec11e36330,2026-03-24 09:58:02,
101,b6266f8a66ce43dc8281adbd42419396,2026-03-24 09:58:26,2026-03-24 09:58:26
102,4549770c1407401b88f76f9594b58db8,2026-03-24 09:58:47,
106,a711589432bb49e0b766483d23a2fc2f,2026-03-24 19:23:54,2026-03-24 19:23:54
107,088ac5583bcc4d04b046f6f6c220acdd,2026-03-24 19:52:44,2026-03-24 19:52:44
109,e8dbd1019fa345cf9ad4d1f4d8a14640,2026-03-24 19:58:10,
110,66066b68566d461ba5e18aebb674890e,2026-03-24 20:04:13,2026-03-24 20:04:13
116,a321bb2056a643238baac57ee3c6b402,2026-03-25 10:20:44,2026-03-25 10:20:44
117,,,
118,f87aded50e4d4ead82dd6ff4f9fa8cf7,2026-03-25 12:40:48,2026-03-25 12:40:48
119,c5d1fb4cfd4043d28659d1ac4e51cf15,2026-03-25 12:55:45,2026-03-25 12:55:45
120,91c269ade3d847a28dd8b8c9dd203452,2026-03-25 14:20:45,2026-03-25 14:20:45
121,3379efce91fb404f840744e22f29d103,2026-03-25 15:35:45,2026-03-25 10:16:08
122,,,
123,feb42fd22a8f46ce904253bb6bb591ce,2026-03-25 19:48:55,2026-03-25 19:48:55
124,,,
125,854ef0dda9784997a5122587eda4c923,2026-03-26 11:36:30,2026-03-26 11:36:30
126,beee722ae62e4d3c9cfed722b1b83369,2026-03-26 11:36:41,2026-03-26 11:36:41
127,93780c52ee3f44628421e2f247712062,2026-03-26 11:36:54,2026-03-26 11:36:54
128,4f87920cf3b84dccaf7333736f610aab,2026-03-26 11:37:03,2026-03-26 11:37:03
129,21cd8ad164ba4e29b66003145e3d87e9,2026-03-26 11:37:12,2026-03-26 11:37:12
130,f336cd14778e49f3acdb36fc59446a46,2026-03-26 11:37:20,2026-03-26 11:37:20
131,891c3a1d9bb247a09ab16e7a802db313,2026-03-26 11:37:29,2026-03-26 11:37:29
132,9e43e07b28dc429984d6fca46bdf4582,2026-03-26 11:37:38,2026-03-26 11:37:38
133,2598a598e0364fc4a51ca8ca799b0bf5,2026-03-26 11:37:48,2026-03-26 11:37:48
134,9ceead2bb107497f9796708769af59b7,2026-03-26 11:37:56,2026-03-26 11:37:56
135,67ff04acb5f240a4a5563cfc102c55e2,2026-03-26 11:38:05,2026-03-26 11:38:05
136,71a94adb307f48e4bbe8ec64c944f863,2026-03-26 11:38:14,2026-03-26 11:38:14
137,,,
138,73eb2b1bbfb84414b89fc0e41913417c,2026-03-26 11:38:32,2026-03-26 11:38:32
139,c49d1e0fa835474e83bc55281085cdb8,2026-03-26 11:38:41,2026-03-26 11:38:41
140,7f003bdae63541aaa517c9459421f4e9,2026-03-26 11:38:50,2026-03-26 11:38:50
141,9336567cd80c46e79cb8e8c83bf9ceb8,2026-03-26 11:38:59,2026-03-26 11:38:59
142,bc36194b0078420fbbaf4b252098c66a,2026-03-26 11:39:08,2026-03-26 11:39:08
143,e007053a366248af9d5a7e5dc43fd8db,2026-03-26 11:39:17,2026-03-26 11:39:17
144,ff5e2c18201c43739a17b3fa304f8f49,2026-03-26 11:39:26,2026-03-26 11:39:26
145,5abb144222c94c93985f858e707b17af,2026-03-26 11:39:35,2026-03-26 11:39:35
146,dbb7f46f9b564d5dba446202c05124ec,2026-03-26 11:39:44,2026-03-26 11:39:44
147,0aaaab6f94d5497ea2d1157a3c267810,2026-03-26 11:39:53,2026-03-26 11:39:53
148,7794317e9a7d48269b975aa25309f32b,2026-03-26 11:40:01,2026-03-26 11:40:01
149,00a8e0505b5c4134bbbee4ee7de98c83,2026-03-26 11:40:10,2026-03-26 11:40:10
150,,,
151,,,
152,,,
153,,,
154,fbb19dfd6486496cb5fe8fe49f7acb39,2026-03-26 15:50:51,2026-03-26 15:50:35
155,0af29dd400414b2c969dcf0ae3a4765e,2026-03-26 16:36:43,2026-03-26 16:33:15
